alpha,Re,CL,CD,CDp,Cm,Top_Xtr,Bot_Xtr,Cpmin,Chinge,XCp1,XCp2,XCp3
-20,50000,-0.5962,0.22151,0.21496,0.0442,1,0.0899,-1.0929,0,0,0,0.3142
-10,50000,-0.6632,0.1258,0.11875,0.0321,1,0.2589,-1.6476,0,0,0,0.2929
-5,50000,-0.5516,0.02594,0.01466,-0.0061,1,0.1835,-2.4025,0,0,0,0.2354
-4,50000,-0.4782,0.01831,0.0098,0.005,1,0.6033,-2.0107,0,0,0,0.2575
-3,50000,-0.2333,0.01964,0.01009,-0.0048,1,0.9823,-0.9841,0,0,0,0.2258
-2,50000,-0.1326,0.01677,0.0065,-0.0112,1,1,-0.6193,0,0,0,0.1617
-1,50000,-0.065,0.0157,0.00511,-0.0067,1,1,-0.4063,0,0,0,0.1437
0,50000,0,0.01541,0.00471,0,1,1,-0.2798,0,0,0,0.4044
1,50000,0.065,0.0157,0.00511,0.0067,1,1,-0.4063,0,0,0,0.1437
2,50000,0.1327,0.01677,0.0065,0.0112,1,1,-0.6194,0,0,0,0.1618
3,50000,0.2332,0.01963,0.01008,0.0048,0.9823,1,-0.984,0,0,0,0.2258
4,50000,0.4782,0.01831,0.0098,-0.005,0.6034,1,-2.0107,0,0,0,0.2575
5,50000,0.5516,0.02594,0.01466,0.0061,0.1835,1,-2.4025,0,0,0,0.2354
10,50000,0.6648,0.12591,0.11886,-0.0322,0.2587,1,-1.6515,0,0,0,0.293
-20,100000,-0.5913,0.21599,0.21131,0.0458,1,0.0437,-1.0826,0,0,0,0.3173
-10,100000,-0.6925,0.11479,0.10984,0.0168,1,0.1189,-2.0553,0,0,0,0.2687
-5,100000,-0.5465,0.01999,0.01021,-0.0042,1,0.1038,-2.5734,0,0,0,0.2386
-3,100000,-0.3891,0.01187,0.00544,0.0118,1,0.787,-1.4717,0,0,0,0.2778
-2,100000,-0.1987,0.01262,0.00563,0.0014,1,0.9713,-0.7437,0,0,0,0.2545
-1,100000,-0.0583,0.0116,0.0042,-0.008,1,1,-0.4001,0,0,0,0.1097
0,100000,0,0.01124,0.00378,0,1,1,-0.2789,0,0,0,0.4099
1,100000,0.0583,0.0116,0.0042,0.008,1,1,-0.4001,0,0,0,0.1098
2,100000,0.1987,0.01262,0.00563,-0.0014,0.9713,1,-0.7437,0,0,0,0.2544
3,100000,0.3891,0.01187,0.00544,-0.0118,0.787,1,-1.4716,0,0,0,0.2778
4,100000,0.4669,0.01372,0.00588,-0.0013,0.3948,1,-2.0791,0,0,0,0.2498
5,100000,0.5465,0.01999,0.0102,0.0042,0.1038,1,-2.5734,0,0,0,0.2386
10,100000,0.6923,0.11485,0.1099,-0.0172,0.1187,1,-2.049,0,0,0,0.2693
20,100000,0.5888,0.21502,0.21034,-0.0453,0.0438,1,-1.0782,0,0,0,0.3169
-20,150000,-0.5957,0.21504,0.21122,0.0454,1,0.0291,-1.2052,0,0,0,0.3158
-10,150000,-0.7021,0.10739,0.10336,0.0116,1,0.0756,-2.3428,0,0,0,0.2606
-5,150000,-0.5474,0.01718,0.00832,-0.0029,1,0.0756,-2.682,0,0,0,0.2411
-4,150000,-0.4631,0.01228,0.00467,0.0014,1,0.2808,-2.104,0,0,0,0.25
-3,150000,-0.3809,0.00984,0.00388,0.0078,1,0.6792,-1.4766,0,0,0,0.2681
-2,150000,-0.282,0.00958,0.00405,0.0144,1,0.9131,-0.9291,0,0,0,0.2991
-1,150000,-0.0536,0.00984,0.00383,-0.0087,1,0.9998,-0.3953,0,0,0,0.0846
0,150000,0,0.0094,0.00336,0,1,1,-0.2785,0,0,0,0.4172
1,150000,0.0536,0.00984,0.00383,0.0087,0.9998,1,-0.3953,0,0,0,0.0845
2,150000,0.282,0.00958,0.00405,-0.0144,0.9131,1,-0.9291,0,0,0,0.299
3,150000,0.3809,0.00984,0.00388,-0.0078,0.6792,1,-1.4764,0,0,0,0.2681
4,150000,0.4631,0.01228,0.00466,-0.0014,0.2809,1,-2.1039,0,0,0,0.25
5,150000,0.5474,0.01718,0.00832,0.0029,0.0756,1,-2.682,0,0,0,0.2411
10,150000,0.7021,0.10755,0.10351,-0.0121,0.0756,1,-2.3342,0,0,0,0.2613
20,150000,0.5929,0.214,0.21019,-0.045,0.0292,1,-1.1946,0,0,0,0.3156
30,150000,0.7262,0.33814,0.33489,-0.0983,0.0129,1,-0.9608,0,0,0,0.3607
-20,200000,-0.5938,0.21401,0.21068,0.0465,1,0.022,-1.1731,0,0,0,0.318
-10,200000,-0.6996,0.10478,0.10126,0.0151,1,0.0548,-2.3716,0,0,0,0.2655
-5,200000,-0.5494,0.01558,0.00733,-0.002,1,0.0623,-2.747,0,0,0,0.2427
-4,200000,-0.4617,0.01148,0.00408,0.0019,1,0.2155,-2.1196,0,0,0,0.2509
-3,200000,-0.3753,0.00898,0.00317,0.0063,1,0.5987,-1.474,0,0,0,0.2643
-2,200000,-0.2869,0.00811,0.00315,0.0133,1,0.8558,-0.9512,0,0,0,0.2944
-1,200000,-0.1237,0.00851,0.0034,0.0047,1,0.9817,-0.4769,0,0,0,0.2857
0,200000,0,0.00831,0.00311,0,1,1,-0.2783,0,0,0,0.4125
1,200000,0.1236,0.00851,0.0034,-0.0047,0.9817,1,-0.4769,0,0,0,0.2857
2,200000,0.2869,0.00811,0.00315,-0.0133,0.8558,1,-0.9511,0,0,0,0.2944
3,200000,0.3753,0.00898,0.00317,-0.0063,0.5987,1,-1.4739,0,0,0,0.2643
4,200000,0.4617,0.01148,0.00407,-0.0019,0.2156,1,-2.1195,0,0,0,0.2509
5,200000,0.5494,0.01558,0.00733,0.002,0.0623,1,-2.7469,0,0,0,0.2427
10,200000,0.7005,0.10481,0.1013,-0.0152,0.0548,1,-2.374,0,0,0,0.2657
20,200000,0.5912,0.21303,0.20971,-0.0461,0.0221,1,-1.166,0,0,0,0.3176
30,200000,0.7266,0.33776,0.33494,-0.0987,0.0099,1,-0.9756,0,0,0,0.3611
-30,250000,-0.7302,0.3387,0.33618,0.0997,1,0.0073,-1.0497,0,0,0,0.3616
-20,250000,-0.5936,0.214,0.21101,0.0469,1,0.0191,-1.1678,0,0,0,0.3187
-10,250000,-0.7036,0.10275,0.0996,0.0147,1,0.0449,-2.4671,0,0,0,0.2647
-5,250000,-0.5528,0.01411,0.00635,-0.0011,1,0.054,-2.8139,0,0,0,0.2443
-4,250000,-0.4615,0.01094,0.00371,0.0023,1,0.1735,-2.1324,0,0,0,0.2519
-3,250000,-0.3721,0.00849,0.00278,0.0058,1,0.5363,-1.4727,0,0,0,0.2629
-2,250000,-0.2813,0.00734,0.00264,0.0111,1,0.8039,-0.9445,0,0,0,0.2876
-1,250000,-0.1601,0.00751,0.00298,0.0113,1,0.9654,-0.528,0,0,0,0.3188
0,250000,0,0.00757,0.00294,0,1,1,-0.2781,0,0,0,0.4134
1,250000,0.1601,0.00751,0.00297,-0.0113,0.9654,1,-0.528,0,0,0,0.3188
2,250000,0.2812,0.00734,0.00264,-0.0111,0.8039,1,-0.9444,0,0,0,0.2875
3,250000,0.3721,0.00849,0.00278,-0.0058,0.5364,1,-1.4726,0,0,0,0.2629
4,250000,0.4615,0.01093,0.00371,-0.0023,0.1736,1,-2.1323,0,0,0,0.2519
5,250000,0.5528,0.01411,0.00635,0.0011,0.054,1,-2.8138,0,0,0,0.2443
10,250000,0.7044,0.10282,0.09967,-0.0149,0.0449,1,-2.4676,0,0,0,0.2649
20,250000,0.591,0.213,0.21002,-0.0464,0.0192,1,-1.1646,0,0,0,0.3182
30,250000,0.7273,0.33695,0.33443,-0.099,0.0073,1,-1.0432,0,0,0,0.3611
-30,300000,-0.7306,0.33919,0.33687,0.1001,1,0.0067,-0.9644,0,0,0,0.3621
-20,300000,-0.5956,0.21305,0.21033,0.0469,1,0.0154,-1.2514,0,0,0,0.3182
-10,300000,-0.5753,0.08515,0.08244,-0.001,1,0.042,-2.2646,0,0,0,0.2432
-5,300000,-0.5542,0.01336,0.00592,-0.0006,1,0.048,-2.8497,0,0,0,0.2452
-4,300000,-0.4618,0.0105,0.00346,0.0027,1,0.1469,-2.1433,0,0,0,0.2527
-3,300000,-0.3703,0.00816,0.00252,0.0056,1,0.4855,-1.4727,0,0,0,0.2626
-2,300000,-0.2769,0.0069,0.00232,0.0098,1,0.7576,-0.9385,0,0,0,0.2831
-1,300000,-0.1758,0.0068,0.00265,0.0138,1,0.9439,-0.5516,0,0,0,0.3271
0,300000,0,0.00703,0.00282,0,1,1,-0.2779,0,0,0,0.4154
1,300000,0.1758,0.0068,0.00265,-0.0138,0.9439,1,-0.5515,0,0,0,0.3271
2,300000,0.2769,0.0069,0.00232,-0.0097,0.7577,1,-0.9384,0,0,0,0.2831
3,300000,0.3703,0.00816,0.00252,-0.0056,0.4855,1,-1.4726,0,0,0,0.2625
4,300000,0.4618,0.0105,0.00346,-0.0027,0.147,1,-2.1431,0,0,0,0.2527
5,300000,0.5542,0.01336,0.00592,0.0006,0.048,1,-2.8496,0,0,0,0.2452
10,300000,0.7221,0.09162,0.08877,0.0004,0.038,1,-3.1082,0,0,0,0.2428
20,300000,0.593,0.21207,0.20935,-0.0464,0.0154,1,-1.2428,0,0,0,0.3179
30,300000,0.7277,0.33742,0.33511,-0.0993,0.0067,1,-0.9616,0,0,0,0.3617
-30,350000,-0.7312,0.3389,0.33676,0.1003,1,0.0052,-0.9745,0,0,0,0.3622
-20,350000,-0.5977,0.21386,0.21133,0.0462,1,0.0145,-1.3267,0,0,0,0.3167
-5,350000,-0.5566,0.01252,0.00534,0,1,0.0439,-2.8939,0,0,0,0.2462
-4,350000,-0.4623,0.01014,0.00327,0.0031,1,0.1288,-2.1527,0,0,0,0.2535
-3,350000,-0.3694,0.00791,0.00235,0.0056,1,0.4438,-1.4738,0,0,0,0.2627
-2,350000,-0.274,0.00661,0.0021,0.0089,1,0.7169,-0.9345,0,0,0,0.2805
-1,350000,-0.1796,0.00629,0.0024,0.014,1,0.9193,-0.5583,0,0,0,0.3262
0,350000,0,0.00655,0.00265,0,0.9908,0.9908,-0.2779,0,0,0,0.363
1,350000,0.1796,0.00629,0.0024,-0.014,0.9193,1,-0.5583,0,0,0,0.3262
2,350000,0.274,0.00661,0.0021,-0.0089,0.717,1,-0.9344,0,0,0,0.2805
3,350000,0.3694,0.00791,0.00235,-0.0056,0.4439,1,-1.4737,0,0,0,0.2627
4,350000,0.4623,0.01014,0.00327,-0.003,0.1288,1,-2.1526,0,0,0,0.2535
5,350000,0.5566,0.01252,0.00534,0,0.0439,1,-2.8938,0,0,0,0.2462
20,350000,0.5952,0.21289,0.21037,-0.0457,0.0145,1,-1.3249,0,0,0,0.3162
30,350000,0.7283,0.33714,0.335,-0.0995,0.0052,1,-0.9701,0,0,0,0.3618
-20,400000,-0.595,0.21332,0.21095,0.0476,1,0.0124,-1.1913,0,0,0,0.3196
-5,400000,-0.5579,0.01201,0.005,0.0003,1,0.0405,-2.9226,0,0,0,0.2469
-4,400000,-0.4629,0.00984,0.00312,0.0033,1,0.115,-2.1608,0,0,0,0.2541
-3,400000,-0.3689,0.00772,0.00222,0.0058,1,0.4079,-1.4752,0,0,0,0.263
-2,400000,-0.2721,0.00641,0.00195,0.0085,1,0.6804,-0.9321,0,0,0,0.2791
-1,400000,-0.1744,0.00592,0.0022,0.0123,0.9991,0.8929,-0.5522,0,0,0,0.3191
0,400000,0,0.00604,0.00237,0,0.9756,0.9756,-0.2779,0,0,0,0.4286
1,400000,0.1744,0.00592,0.0022,-0.0123,0.8929,0.9991,-0.5522,0,0,0,0.3191
2,400000,0.2721,0.00641,0.00195,-0.0085,0.6804,1,-0.932,0,0,0,0.279
3,400000,0.3689,0.00772,0.00222,-0.0058,0.408,1,-1.4751,0,0,0,0.263
4,400000,0.4628,0.00984,0.00312,-0.0033,0.115,1,-2.1606,0,0,0,0.2541
5,400000,0.5578,0.01201,0.005,-0.0003,0.0405,1,-2.9225,0,0,0,0.2469
20,400000,0.5924,0.21231,0.20995,-0.0471,0.0124,1,-1.1855,0,0,0,0.3192
-30,450000,-0.7311,0.33869,0.3368,0.1006,1,0.0045,-1.0085,0,0,0,0.3625
-20,450000,-0.5966,0.21246,0.21023,0.0475,1,0.011,-1.2875,0,0,0,0.319
-5,450000,-0.5584,0.01174,0.00492,0.0005,1,0.0376,-2.931,0,0,0,0.2472
-4,450000,-0.4634,0.00959,0.00299,0.0036,1,0.1041,-2.1677,0,0,0,0.2546
-3,450000,-0.3688,0.00757,0.00212,0.0059,1,0.3773,-1.477,0,0,0,0.2635
-2,450000,-0.2708,0.00627,0.00184,0.0082,1,0.6477,-0.9306,0,0,0,0.2782
-1,450000,-0.156,0.00561,0.00199,0.0081,0.9935,0.8687,-0.5274,0,0,0,0.3
0,450000,0,0.00559,0.0021,0,0.9635,0.9635,-0.278,0,0,0,0.999
1,450000,0.156,0.00561,0.00199,-0.0081,0.8687,0.9935,-0.5274,0,0,0,0.3
2,450000,0.2708,0.00627,0.00184,-0.0082,0.6477,1,-0.9305,0,0,0,0.2782
3,450000,0.3687,0.00757,0.00212,-0.0059,0.3773,1,-1.4769,0,0,0,0.2635
4,450000,0.4634,0.00959,0.00299,-0.0036,0.1041,1,-2.1676,0,0,0,0.2546
5,450000,0.5583,0.01174,0.00492,-0.0005,0.0377,1,-2.9309,0,0,0,0.2472
20,450000,0.5939,0.21147,0.20924,-0.047,0.011,1,-1.2789,0,0,0,0.3187
-30,500000,-0.732,0.33897,0.33718,0.1007,1,0.004,-0.9469,0,0,0,0.3626
-20,500000,-0.6013,0.21291,0.2108,0.0461,1,0.0103,-1.4722,0,0,0,0.3158
-10,500000,-0.8547,0.05544,0.05285,-0.0172,1,0.0143,-5.5709,0,0,0,0.2223
-5,500000,-0.56,0.01124,0.00459,0.0009,1,0.0364,-2.9575,0,0,0,0.2478
-4,500000,-0.464,0.00936,0.00288,0.0038,1,0.0957,-2.1742,0,0,0,0.2551
-3,500000,-0.3688,0.00744,0.00204,0.0061,1,0.3514,-1.4789,0,0,0,0.2639
-2,500000,-0.27,0.00615,0.00175,0.0081,1,0.6191,-0.9298,0,0,0,0.2779
-1,500000,-0.1434,0.00535,0.0018,0.0052,0.988,0.8471,-0.5106,0,0,0,0.2845
0,500000,0,0.00521,0.00187,0,0.9528,0.9528,-0.278,0,0,0,0.4861
1,500000,0.1434,0.00535,0.0018,-0.0052,0.8471,0.988,-0.5106,0,0,0,0.2845
2,500000,0.27,0.00615,0.00175,-0.0081,0.6192,1,-0.9297,0,0,0,0.2778
3,500000,0.3688,0.00744,0.00204,-0.0061,0.3514,1,-1.4788,0,0,0,0.2639
4,500000,0.464,0.00936,0.00288,-0.0038,0.0958,1,-2.1741,0,0,0,0.255
5,500000,0.56,0.01124,0.00459,-0.0009,0.0364,1,-2.9574,0,0,0,0.2478
10,500000,0.8556,0.05685,0.05436,0.0173,0.0157,1,-5.374,0,0,0,0.2223
20,500000,0.5987,0.21189,0.20978,-0.0456,0.0103,1,-1.4676,0,0,0,0.3153
-30,550000,-0.7323,0.33877,0.33706,0.1008,1,0.0033,-0.9616,0,0,0,0.3627
-20,550000,-0.5975,0.2126,0.21058,0.0472,1,0.0102,-1.3547,0,0,0,0.3182
-10,550000,-0.858,0.05559,0.0532,-0.017,1,0.0135,-5.516,0,0,0,0.2227
-5,550000,-0.5613,0.01085,0.00434,0.0012,1,0.035,-2.9786,0,0,0,0.2483
-4,550000,-0.4645,0.00916,0.0028,0.004,1,0.0893,-2.1798,0,0,0,0.2555
-3,550000,-0.369,0.00733,0.00197,0.0063,1,0.3291,-1.4808,0,0,0,0.2644
-2,550000,-0.2695,0.00606,0.00168,0.008,1,0.5934,-0.9295,0,0,0,0.2777
-1,550000,-0.1318,0.00515,0.00165,0.0026,0.9844,0.8281,-0.4951,0,0,0,0.268
0,550000,0,0.00491,0.00168,0,0.9419,0.9419,-0.278,0,0,0,0.5257
1,550000,0.1318,0.00514,0.00165,-0.0026,0.8281,0.9844,-0.4951,0,0,0,0.268
2,550000,0.2694,0.00605,0.00168,-0.008,0.5934,1,-0.9294,0,0,0,0.2777
3,550000,0.3689,0.00733,0.00197,-0.0063,0.3292,1,-1.4807,0,0,0,0.2644
4,550000,0.4645,0.00916,0.00279,-0.004,0.0893,1,-2.1796,0,0,0,0.2555
5,550000,0.5612,0.01085,0.00434,-0.0012,0.035,1,-2.9785,0,0,0,0.2483
20,550000,0.5949,0.2116,0.20958,-0.0466,0.0102,1,-1.3522,0,0,0,0.3177
-30,600000,-0.7324,0.33812,0.33648,0.101,1,0.003,-1.0242,0,0,0,0.3627
-20,600000,-0.5962,0.21289,0.21096,0.048,1,0.0093,-1.2287,0,0,0,0.3201
-10,600000,-0.8664,0.05482,0.05252,-0.0171,1,0.0126,-5.5818,0,0,0,0.2228
-5,600000,-0.5623,0.01053,0.00413,0.0014,1,0.0337,-2.9973,0,0,0,0.2488
-4,600000,-0.4652,0.00897,0.00272,0.0042,1,0.0844,-2.1852,0,0,0,0.2559
-3,600000,-0.3692,0.00723,0.00192,0.0064,1,0.3083,-1.4827,0,0,0,0.2649
-2,600000,-0.2692,0.00597,0.00163,0.008,1,0.5693,-0.9295,0,0,0,0.2778
-1,600000,-0.1216,0.00497,0.00152,0.0004,0.9822,0.8105,-0.4816,0,0,0,0.2512
0,600000,0,0.00466,0.00153,0,0.9322,0.9322,-0.278,0,0,0,0.4917
1,600000,0.1216,0.00497,0.00152,-0.0004,0.8105,0.9822,-0.4816,0,0,0,0.2512
2,600000,0.2692,0.00597,0.00163,-0.008,0.5694,1,-0.9295,0,0,0,0.2778
3,600000,0.3691,0.00723,0.00192,-0.0064,0.3084,1,-1.4826,0,0,0,0.2648
4,600000,0.4651,0.00897,0.00271,-0.0042,0.0844,1,-2.185,0,0,0,0.2558
5,600000,0.5623,0.01053,0.00413,-0.0014,0.0337,1,-2.9971,0,0,0,0.2488
10,600000,0.9698,0.03703,0.03355,0.0155,0.0109,1,-7.4995,0,0,0,0.226
20,600000,0.5935,0.21187,0.20994,-0.0475,0.0093,1,-1.2237,0,0,0,0.3197
-20,650000,-0.5967,0.21271,0.21086,0.0481,1,0.0083,-1.2466,0,0,0,0.3201
-5,650000,-0.5632,0.01027,0.00396,0.0016,1,0.0324,-3.0132,0,0,0,0.2492
-4,650000,-0.4657,0.00882,0.00265,0.0043,1,0.0795,-2.1898,0,0,0,0.2562
-3,650000,-0.3694,0.00716,0.00187,0.0066,1,0.2894,-1.4845,0,0,0,0.2653
-2,650000,-0.2602,0.00585,0.00155,0.0062,0.9974,0.5551,-0.9095,0,0,0,0.2716
-1,650000,-0.1166,0.00482,0.00141,-0.0007,0.9778,0.7934,-0.4755,0,0,0,0.2421
0,650000,0,0.00447,0.00139,0,0.9223,0.9223,-0.278,0,0,0,0.3645
1,650000,0.1166,0.00482,0.00141,0.0007,0.7934,0.9778,-0.4755,0,0,0,0.2421
2,650000,0.2602,0.00585,0.00155,-0.0062,0.5551,0.9974,-0.9095,0,0,0,0.2716
3,650000,0.3694,0.00716,0.00187,-0.0066,0.2895,1,-1.4843,0,0,0,0.2653
4,650000,0.4656,0.00882,0.00265,-0.0043,0.0796,1,-2.1896,0,0,0,0.2562
5,650000,0.5631,0.01027,0.00396,-0.0016,0.0325,1,-3.0131,0,0,0,0.2492
20,650000,0.594,0.2117,0.20984,-0.0476,0.0083,1,-1.2401,0,0,0,0.3197
-20,700000,-0.5976,0.21217,0.21038,0.0481,1,0.0077,-1.3081,0,0,0,0.3199
-10,700000,-0.9727,0.03601,0.0327,-0.0151,1,0.0099,-7.6197,0,0,0,0.2264
-5,700000,-0.5638,0.01007,0.00383,0.0018,1,0.0311,-3.0249,0,0,0,0.2495
-4,700000,-0.4662,0.00867,0.00259,0.0045,1,0.0757,-2.1941,0,0,0,0.2565
-3,700000,-0.3697,0.00709,0.00183,0.0068,1,0.2726,-1.4862,0,0,0,0.2657
-2,700000,-0.2524,0.00574,0.00149,0.0046,0.9953,0.542,-0.892,0,0,0,0.2658
-1,700000,-0.112,0.0047,0.00131,-0.0016,0.9738,0.7775,-0.4702,0,0,0,0.2335
0,700000,0,0.00431,0.00128,0,0.9121,0.9121,-0.278,0,0,0,0.3401
1,700000,0.112,0.0047,0.00131,0.0016,0.7775,0.9738,-0.4702,0,0,0,0.2335
2,700000,0.2524,0.00574,0.00149,-0.0046,0.542,0.9953,-0.892,0,0,0,0.2658
3,700000,0.3697,0.00709,0.00183,-0.0068,0.2727,1,-1.486,0,0,0,0.2657
4,700000,0.4662,0.00867,0.00259,-0.0045,0.0757,1,-2.194,0,0,0,0.2565
5,700000,0.5638,0.01007,0.00383,-0.0018,0.0311,1,-3.0247,0,0,0,0.2495
10,700000,0.9729,0.03602,0.03271,0.0151,0.0099,1,-7.6199,0,0,0,0.2264
20,700000,0.5949,0.21116,0.20937,-0.0476,0.0077,1,-1.3,0,0,0,0.3194
-20,750000,-0.5991,0.21125,0.20953,0.0479,1,0.0074,-1.4232,0,0,0,0.3191
-10,750000,-0.9865,0.03346,0.03004,-0.0143,1,0.0094,-7.8809,0,0,0,0.2273
-5,750000,-0.5642,0.00995,0.0038,0.0019,1,0.0292,-3.0282,0,0,0,0.2497
-4,750000,-0.4668,0.00853,0.00253,0.0046,1,0.0728,-2.1985,0,0,0,0.2569
-3,750000,-0.37,0.00703,0.0018,0.0069,1,0.2577,-1.4879,0,0,0,0.2661
-2,750000,-0.2452,0.00564,0.00143,0.0031,0.9938,0.53,-0.8761,0,0,0,0.2603
-1,750000,-0.1078,0.0046,0.00123,-0.0025,0.9703,0.7625,-0.4653,0,0,0,0.2248
0,750000,0,0.00419,0.00118,0,0.9025,0.9025,-0.278,0,0,0,2.1881
1,750000,0.1078,0.0046,0.00123,0.0025,0.7625,0.9703,-0.4653,0,0,0,0.2248
2,750000,0.2452,0.00564,0.00143,-0.0031,0.53,0.9938,-0.8761,0,0,0,0.2603
3,750000,0.37,0.00702,0.0018,-0.0069,0.2578,1,-1.4878,0,0,0,0.2661
4,750000,0.4667,0.00853,0.00253,-0.0046,0.0728,1,-2.1984,0,0,0,0.2568
5,750000,0.5641,0.00995,0.0038,-0.0019,0.0292,1,-3.0281,0,0,0,0.2496
10,750000,0.9867,0.03347,0.03005,0.0143,0.0094,1,-7.8811,0,0,0,0.2273
20,750000,0.5963,0.21026,0.20854,-0.0474,0.0074,1,-1.4126,0,0,0,0.3187
-10,800000,-0.9997,0.03085,0.02726,-0.0134,1,0.009,-8.1688,0,0,0,0.2283
-5,800000,-0.5646,0.00983,0.00378,0.002,1,0.028,-3.0317,0,0,0,0.2498
-4,800000,-0.4673,0.00841,0.00248,0.0048,1,0.0697,-2.2024,0,0,0,0.2571
-3,800000,-0.3704,0.00696,0.00177,0.0071,1,0.2447,-1.4896,0,0,0,0.2665
-2,800000,-0.2405,0.00555,0.00137,0.0021,0.9917,0.5174,-0.8657,0,0,0,0.2566
-1,800000,-0.1038,0.00451,0.00116,-0.0033,0.9675,0.7485,-0.4606,0,0,0,0.216
0,800000,0,0.00409,0.0011,0,0.8924,0.8924,-0.278,0,0,0,0.5402
1,800000,0.1038,0.00451,0.00116,0.0033,0.7485,0.9675,-0.4606,0,0,0,0.216
2,800000,0.2404,0.00555,0.00137,-0.0021,0.5174,0.9917,-0.8656,0,0,0,0.2566
3,800000,0.3703,0.00696,0.00177,-0.0071,0.2448,1,-1.4895,0,0,0,0.2665
4,800000,0.4672,0.00841,0.00248,-0.0048,0.0698,1,-2.2023,0,0,0,0.2571
5,800000,0.5645,0.00983,0.00378,-0.002,0.028,1,-3.0315,0,0,0,0.2498
10,800000,0.9998,0.03086,0.02727,0.0134,0.009,1,-8.1693,0,0,0,0.2283
-10,850000,-1.0127,0.02812,0.0243,-0.0124,1,0.0086,-8.4878,0,0,0,0.2294
-5,850000,-0.5654,0.00962,0.00363,0.0022,1,0.0277,-3.045,0,0,0,0.2501
-4,850000,-0.4677,0.00831,0.00243,0.0049,1,0.0665,-2.2059,0,0,0,0.2574
-3,850000,-0.3707,0.0069,0.00174,0.0072,1,0.2338,-1.4913,0,0,0,0.2669
-2,850000,-0.2359,0.00547,0.00132,0.0012,0.9898,0.5058,-0.8568,0,0,0,0.2528
-1,850000,-0.103,0.00444,0.0011,-0.0034,0.9623,0.7341,-0.4597,0,0,0,0.2151
0,850000,0,0.00402,0.00103,0,0.8825,0.8825,-0.278,0,0,0,0.2603
1,850000,0.103,0.00444,0.0011,0.0034,0.7341,0.9623,-0.4597,0,0,0,0.215
2,850000,0.2359,0.00547,0.00132,-0.0012,0.5058,0.9898,-0.8568,0,0,0,0.2528
3,850000,0.3707,0.0069,0.00174,-0.0072,0.2338,1,-1.4912,0,0,0,0.2669
4,850000,0.4677,0.00831,0.00243,-0.0049,0.0665,1,-2.2058,0,0,0,0.2574
5,850000,0.5654,0.00962,0.00363,-0.0022,0.0277,1,-3.0448,0,0,0,0.2501
10,850000,1.0128,0.02812,0.0243,0.0123,0.0086,1,-8.4885,0,0,0,0.2295
-20,900000,-0.599,0.21162,0.21004,0.0477,1,0.007,-1.4411,0,0,0,0.3188
-10,900000,-1.0234,0.02579,0.02177,-0.0113,1,0.0083,-8.7706,0,0,0,0.2305
-5,900000,-0.5661,0.00943,0.00351,0.0024,1,0.0274,-3.0564,0,0,0,0.2504
-4,900000,-0.4682,0.00821,0.0024,0.005,1,0.0631,-2.209,0,0,0,0.2577
-3,900000,-0.3711,0.00685,0.00172,0.0074,1,0.2239,-1.4929,0,0,0,0.2672
-2,900000,-0.2316,0.00539,0.00127,0.0003,0.9882,0.4953,-0.8483,0,0,0,0.2491
-1,900000,-0.1017,0.00438,0.00104,-0.0036,0.9577,0.7206,-0.4581,0,0,0,0.2125
0,900000,0,0.00397,0.00097,0,0.8729,0.8729,-0.2779,0,0,0,0.4457
1,900000,0.1017,0.00438,0.00104,0.0036,0.7206,0.9577,-0.4581,0,0,0,0.2125
2,900000,0.2316,0.00539,0.00127,-0.0003,0.4953,0.9883,-0.8483,0,0,0,0.2491
3,900000,0.3711,0.00685,0.00171,-0.0073,0.2239,1,-1.4928,0,0,0,0.2672
4,900000,0.4681,0.00821,0.0024,-0.005,0.0631,1,-2.2088,0,0,0,0.2576
5,900000,0.5661,0.00943,0.00351,-0.0023,0.0274,1,-3.0562,0,0,0,0.2504
10,900000,1.0235,0.02579,0.02177,0.0113,0.0083,1,-8.7714,0,0,0,0.2305
20,900000,0.5964,0.21058,0.209,-0.0472,0.007,1,-1.4373,0,0,0,0.3183
-20,950000,-0.5981,0.21184,0.2103,0.0481,1,0.007,-1.3843,0,0,0,0.3196
-10,950000,-1.0321,0.02384,0.01964,-0.0104,1,0.008,-9.0169,0,0,0,0.2314
-5,950000,-0.5667,0.00926,0.0034,0.0025,1,0.027,-3.0661,0,0,0,0.2507
-4,950000,-0.4687,0.0081,0.00236,0.0052,1,0.0617,-2.2127,0,0,0,0.2579
-3,950000,-0.3675,0.00676,0.00168,0.0066,0.9992,0.2183,-1.4827,0,0,0,0.2654
-2,950000,-0.2275,0.00532,0.00123,-0.0005,0.987,0.4855,-0.8403,0,0,0,0.2455
-1,950000,-0.1004,0.00433,0.001,-0.0038,0.9536,0.7078,-0.4566,0,0,0,0.2102
0,950000,0,0.00392,0.00092,0,0.863,0.863,-0.2779,0,0,0,0.56
1,950000,0.1004,0.00433,0.001,0.0038,0.7078,0.9536,-0.4566,0,0,0,0.2102
2,950000,0.2275,0.00532,0.00123,0.0005,0.4855,0.987,-0.8403,0,0,0,0.2455
3,950000,0.3675,0.00676,0.00168,-0.0066,0.2183,0.9992,-1.4827,0,0,0,0.2654
4,950000,0.4686,0.0081,0.00236,-0.0052,0.0617,1,-2.2125,0,0,0,0.2579
5,950000,0.5667,0.00926,0.0034,-0.0025,0.027,1,-3.0659,0,0,0,0.2507
10,950000,1.0322,0.02384,0.01964,0.0104,0.008,1,-9.0178,0,0,0,0.2314
20,950000,0.5955,0.2108,0.20926,-0.0476,0.007,1,-1.3812,0,0,0,0.3192
30,950000,0.7304,0.33679,0.33549,-0.1005,0.002,1,-0.9584,0,0,0,0.3626
-30,1000000,-0.7335,0.33844,0.33717,0.1014,1,0.0018,-0.9777,0,0,0,0.3631
-20,1000000,-0.5978,0.21227,0.21077,0.0485,1,0.0066,-1.2995,0,0,0,0.3205
-10,1000000,-1.0384,0.02243,0.0181,-0.0097,1,0.0078,-9.2031,0,0,0,0.2322
-5,1000000,-0.5673,0.00912,0.00332,0.0026,1,0.0266,-3.0747,0,0,0,0.2509
-4,1000000,-0.4692,0.00801,0.00232,0.0053,1,0.0602,-2.216,0,0,0,0.2582
-3,1000000,-0.3631,0.00668,0.00164,0.0057,0.9982,0.2135,-1.4701,0,0,0,0.263
-2,1000000,-0.2237,0.00526,0.00119,-0.0013,0.9859,0.4758,-0.833,0,0,0,0.242
-1,1000000,-0.1001,0.00428,0.00096,-0.0037,0.9489,0.6954,-0.4562,0,0,0,0.2103
0,1000000,0,0.00389,0.00087,0,0.8536,0.8537,-0.2779,0,0,0,2.6155
1,1000000,0.1001,0.00428,0.00096,0.0037,0.6954,0.9489,-0.4562,0,0,0,0.2103
2,1000000,0.2237,0.00526,0.00119,0.0013,0.4758,0.9859,-0.833,0,0,0,0.242
3,1000000,0.3631,0.00668,0.00164,-0.0057,0.2135,0.9983,-1.4701,0,0,0,0.263
4,1000000,0.4691,0.00801,0.00232,-0.0053,0.0602,1,-2.2158,0,0,0,0.2581
5,1000000,0.5673,0.00912,0.00332,-0.0026,0.0266,1,-3.0745,0,0,0,0.2509
10,1000000,1.0385,0.02243,0.0181,0.0096,0.0078,1,-9.2039,0,0,0,0.2322
20,1000000,0.5951,0.21122,0.20972,-0.0479,0.0066,1,-1.2969,0,0,0,0.32
30,1000000,0.7305,0.33663,0.33536,-0.1005,0.0018,1,-0.9723,0,0,0,0.3627
-30,1050000,-0.7336,0.33812,0.33688,0.1014,1,0.0016,-1.0026,0,0,0,0.3632
-20,1050000,-0.598,0.21237,0.2109,0.0485,1,0.0061,-1.2855,0,0,0,0.3206
-10,1050000,-1.0414,0.02175,0.01737,-0.0093,1,0.0076,-9.2998,0,0,0,0.2325
-5,1050000,-0.5678,0.00899,0.00324,0.0027,1,0.0262,-3.0823,0,0,0,0.2511
-4,1050000,-0.4696,0.00792,0.00229,0.0054,1,0.0585,-2.2191,0,0,0,0.2584
-3,1050000,-0.3591,0.00661,0.00161,0.0048,0.9973,0.2094,-1.4586,0,0,0,0.2608
-2,1050000,-0.2204,0.0052,0.00116,-0.0019,0.9847,0.4669,-0.8266,0,0,0,0.2389
-1,1050000,-0.1002,0.00425,0.00092,-0.0036,0.9435,0.6835,-0.4562,0,0,0,0.2113
1,1050000,0.1002,0.00425,0.00092,0.0036,0.6835,0.9435,-0.4562,0,0,0,0.2113
2,1050000,0.2204,0.0052,0.00116,0.0019,0.467,0.9847,-0.8266,0,0,0,0.2389
3,1050000,0.3591,0.00661,0.00161,-0.0048,0.2094,0.9973,-1.4586,0,0,0,0.2608
4,1050000,0.4696,0.00792,0.00229,-0.0054,0.0585,1,-2.2189,0,0,0,0.2584
5,1050000,0.5678,0.00899,0.00324,-0.0027,0.0262,1,-3.0821,0,0,0,0.2511
10,1050000,1.0415,0.02175,0.01737,0.0092,0.0076,1,-9.3005,0,0,0,0.2326
20,1050000,0.5953,0.21134,0.20988,-0.048,0.0061,1,-1.2796,0,0,0,0.3201
30,1050000,0.7306,0.33632,0.33509,-0.1006,0.0016,1,-0.9975,0,0,0,0.3627
-30,1100000,-0.7336,0.33767,0.33646,0.1015,1,0.0015,-1.0493,0,0,0,0.3632
-20,1100000,-0.5983,0.21224,0.21081,0.0486,1,0.0057,-1.3011,0,0,0,0.3205
-10,1100000,-1.039,0.02219,0.01791,-0.0094,1,0.0073,-9.2544,0,0,0,0.2324
-5,1100000,-0.5683,0.00887,0.00317,0.0029,1,0.0259,-3.0892,0,0,0,0.2513
-4,1100000,-0.4701,0.00784,0.00225,0.0055,1,0.0569,-2.222,0,0,0,0.2586
-2,1100000,-0.2175,0.00515,0.00112,-0.0025,0.9835,0.4578,-0.821,0,0,0,0.2361
-1,1100000,-0.1002,0.00422,0.00088,-0.0035,0.9386,0.672,-0.4561,0,0,0,0.2124
0,1100000,0,0.00386,0.00079,0,0.8347,0.8347,-0.2779,0,0,0,0.3958
1,1100000,0.1002,0.00422,0.00088,0.0035,0.672,0.9386,-0.4561,0,0,0,0.2124
2,1100000,0.2175,0.00515,0.00112,0.0025,0.4578,0.9835,-0.821,0,0,0,0.2361
4,1100000,0.47,0.00784,0.00225,-0.0055,0.0569,1,-2.2218,0,0,0,0.2586
5,1100000,0.5683,0.00887,0.00317,-0.0028,0.0259,1,-3.089,0,0,0,0.2513
10,1100000,1.0391,0.02219,0.01792,0.0094,0.0073,1,-9.2547,0,0,0,0.2324
20,1100000,0.5956,0.21121,0.20978,-0.048,0.0057,1,-1.2944,0,0,0,0.3201
30,1100000,0.7306,0.33588,0.33467,-0.1007,0.0015,1,-1.0434,0,0,0,0.3627
-30,1150000,-0.7335,0.33706,0.33588,0.1017,1,0.0014,-1.1157,0,0,0,0.3632
-20,1150000,-0.5988,0.212,0.2106,0.0486,1,0.0054,-1.3295,0,0,0,0.3205
-10,1150000,-1.0323,0.02353,0.01948,-0.01,1,0.0071,-9.0973,0,0,0,0.2318
-5,1150000,-0.5688,0.00876,0.00311,0.003,1,0.0255,-3.0954,0,0,0,0.2515
-4,1150000,-0.4705,0.00777,0.00223,0.0056,1,0.0552,-2.2246,0,0,0,0.2588
-3,1150000,-0.3519,0.00647,0.00155,0.0033,0.9958,0.2013,-1.4384,0,0,0,0.2568
-2,1150000,-0.2148,0.0051,0.0011,-0.0031,0.9825,0.4497,-0.8157,0,0,0,0.2334
-1,1150000,-0.1005,0.0042,0.00085,-0.0034,0.9336,0.6607,-0.4564,0,0,0,0.214
0,1150000,0,0.00386,0.00076,0,0.8259,0.8259,-0.2778,0,0,0,0.7303
1,1150000,0.1005,0.0042,0.00085,0.0034,0.6607,0.9336,-0.4564,0,0,0,0.214
2,1150000,0.2148,0.0051,0.0011,0.0031,0.4497,0.9825,-0.8157,0,0,0,0.2334
3,1150000,0.352,0.00647,0.00155,-0.0033,0.2013,0.9958,-1.4384,0,0,0,0.2568
4,1150000,0.4704,0.00777,0.00223,-0.0056,0.0552,1,-2.2244,0,0,0,0.2588
5,1150000,0.5687,0.00876,0.00311,-0.003,0.0255,1,-3.0952,0,0,0,0.2515
10,1150000,1.0325,0.02353,0.01948,0.01,0.0071,1,-9.0982,0,0,0,0.2318
20,1150000,0.596,0.21098,0.20958,-0.0481,0.0054,1,-1.3222,0,0,0,0.3201
30,1150000,0.7305,0.33528,0.3341,-0.1008,0.0015,1,-1.1087,0,0,0,0.3628
